period_start_date,period_end_date,registered_births,primary_source_pdf,primary_pdf_page,primary_table,crosscheck_source_pdf,crosscheck_pdf_page,crosscheck_table,transcription_note
1880-12-25,1881-01-01,2517,RGWR_1880_s4662id1416948.pdf,537,Table 1 London,RGWR_1880_s4662id1416948.pdf,540,Table 6 London,1880 final weekly return
1881-01-01,1881-01-08,2913,RGWR_1883_s4662id1415034.pdf,6,Table 2 1881 column,RGWR_1884_s4662id1415035.pdf,4,Table 2 1881 column,
1881-01-08,1881-01-15,2486,RGWR_1883_s4662id1415034.pdf,16,Table 2 1881 column,RGWR_1884_s4662id1415035.pdf,16,Table 2 1881 column,
1881-01-15,1881-01-22,2192,RGWR_1883_s4662id1415034.pdf,26,Table 2 1881 column,RGWR_1884_s4662id1415035.pdf,26,Table 2 1881 column,
1881-01-22,1881-01-29,2864,RGWR_1883_s4662id1415034.pdf,36,Table 2 1881 column,RGWR_1884_s4662id1415035.pdf,36,Table 2 1881 column,
1881-01-29,1881-02-05,2925,RGWR_1883_s4662id1415034.pdf,46,Table 2 1881 column,RGWR_1884_s4662id1415035.pdf,46,Table 2 1881 column,
1881-02-05,1881-02-12,2819,RGWR_1883_s4662id1415034.pdf,58,Table 2 1881 column,RGWR_1884_s4662id1415035.pdf,58,Table 2 1881 column,
1881-02-12,1881-02-19,2841,RGWR_1883_s4662id1415034.pdf,68,Table 2 1881 column,RGWR_1884_s4662id1415035.pdf,68,Table 2 1881 column,
1881-02-19,1881-02-26,2632,RGWR_1883_s4662id1415034.pdf,78,Table 2 1881 column,RGWR_1884_s4662id1415035.pdf,78,Table 2 1881 column,
1881-02-26,1881-03-05,2620,RGWR_1883_s4662id1415034.pdf,88,Table 2 1881 column,RGWR_1884_s4662id1415035.pdf,88,Table 2 1881 column,
1881-03-05,1881-03-12,2831,RGWR_1883_s4662id1415034.pdf,100,Table 2 1881 column,RGWR_1884_s4662id1415035.pdf,100,Table 2 1881 column,
1881-03-12,1881-03-19,2709,RGWR_1883_s4662id1415034.pdf,110,Table 2 1881 column,RGWR_1884_s4662id1415035.pdf,110,Table 2 1881 column,
1881-03-19,1881-03-26,2640,RGWR_1883_s4662id1415034.pdf,120,Table 2 1881 column,RGWR_1884_s4662id1415035.pdf,120,Table 2 1881 column,
1881-03-26,1881-04-02,2608,RGWR_1883_s4662id1415034.pdf,130,Table 2 1881 column,RGWR_1884_s4662id1415035.pdf,130,Table 2 1881 column,
1881-04-02,1881-04-09,2612,RGWR_1883_s4662id1415034.pdf,142,Table 2 1881 column,RGWR_1884_s4662id1415035.pdf,140,Table 2 1881 column,
1881-04-09,1881-04-16,2344,RGWR_1883_s4662id1415034.pdf,152,Table 2 1881 column,RGWR_1884_s4662id1415035.pdf,152,Table 2 1881 column,
1881-04-16,1881-04-23,2397,RGWR_1883_s4662id1415034.pdf,162,Table 2 1881 column,RGWR_1884_s4662id1415035.pdf,162,Table 2 1881 column,
1881-04-23,1881-04-30,2829,RGWR_1883_s4662id1415034.pdf,172,Table 2 1881 column,RGWR_1884_s4662id1415035.pdf,172,Table 2 1881 column,
1881-04-30,1881-05-07,2515,RGWR_1883_s4662id1415034.pdf,182,Table 2 1881 column,RGWR_1884_s4662id1415035.pdf,182,Table 2 1881 column,
1881-05-07,1881-05-14,2561,RGWR_1883_s4662id1415034.pdf,194,Table 2 1881 column,RGWR_1884_s4662id1415035.pdf,194,Table 2 1881 column,
1881-05-14,1881-05-21,2463,RGWR_1883_s4662id1415034.pdf,204,Table 2 1881 column,RGWR_1884_s4662id1415035.pdf,204,Table 2 1881 column,
1881-05-21,1881-05-28,2411,RGWR_1883_s4662id1415034.pdf,214,Table 2 1881 column,RGWR_1884_s4662id1415035.pdf,214,Table 2 1881 column,
1881-05-28,1881-06-04,2578,RGWR_1883_s4662id1415034.pdf,224,Table 2 1881 column,RGWR_1884_s4662id1415035.pdf,224,Table 2 1881 column,
1881-06-04,1881-06-11,2358,RGWR_1883_s4662id1415034.pdf,236,Table 2 1881 column,RGWR_1884_s4662id1415035.pdf,236,Table 2 1881 column,
1881-06-11,1881-06-18,2480,RGWR_1883_s4662id1415034.pdf,246,Table 2 1881 column,RGWR_1884_s4662id1415035.pdf,246,Table 2 1881 column,
1881-06-18,1881-06-25,2504,RGWR_1883_s4662id1415034.pdf,256,Table 2 1881 column,RGWR_1884_s4662id1415035.pdf,256,Table 2 1881 column,
1881-06-25,1881-07-02,2486,RGWR_1883_s4662id1415034.pdf,266,Table 2 1881 column,RGWR_1884_s4662id1415035.pdf,266,Table 2 1881 column,
1881-07-02,1881-07-09,2408,RGWR_1883_s4662id1415034.pdf,278,Table 2 1881 column,RGWR_1884_s4662id1415035.pdf,276,Table 2 1881 column,
1881-07-09,1881-07-16,2533,RGWR_1883_s4662id1415034.pdf,288,Table 2 1881 column,RGWR_1884_s4662id1415035.pdf,288,Table 2 1881 column,
1881-07-16,1881-07-23,2451,RGWR_1883_s4662id1415034.pdf,298,Table 2 1881 column,RGWR_1884_s4662id1415035.pdf,298,Table 2 1881 column,
1881-07-23,1881-07-30,2755,RGWR_1883_s4662id1415034.pdf,308,Table 2 1881 column,RGWR_1884_s4662id1415035.pdf,308,Table 2 1881 column,
1881-07-30,1881-08-06,2242,RGWR_1883_s4662id1415034.pdf,318,Table 2 1881 column,RGWR_1884_s4662id1415035.pdf,318,Table 2 1881 column,
1881-08-06,1881-08-13,2477,RGWR_1883_s4662id1415034.pdf,330,Table 2 1881 column,RGWR_1884_s4662id1415035.pdf,330,Table 2 1881 column,
1881-08-13,1881-08-20,2532,RGWR_1883_s4662id1415034.pdf,340,Table 2 1881 column,RGWR_1884_s4662id1415035.pdf,340,Table 2 1881 column,
1881-08-20,1881-08-27,2393,RGWR_1883_s4662id1415034.pdf,350,Table 2 1881 column,RGWR_1884_s4662id1415035.pdf,350,Table 2 1881 column,1884 OCR reads 2303 but scan prints 2393
1881-08-27,1881-09-03,2358,RGWR_1883_s4662id1415034.pdf,360,Table 2 1881 column,RGWR_1884_s4662id1415035.pdf,360,Table 2 1881 column,
1881-09-03,1881-09-10,2513,RGWR_1883_s4662id1415034.pdf,372,Table 2 1881 column,RGWR_1884_s4662id1415035.pdf,372,Table 2 1881 column,
1881-09-10,1881-09-17,2493,RGWR_1883_s4662id1415034.pdf,382,Table 2 1881 column,RGWR_1884_s4662id1415035.pdf,382,Table 2 1881 column,
1881-09-17,1881-09-24,2330,RGWR_1883_s4662id1415034.pdf,392,Table 2 1881 column,RGWR_1884_s4662id1415035.pdf,392,Table 2 1881 column,1884 OCR reads 2380 but scan prints 2330
1881-09-24,1881-10-01,2518,RGWR_1883_s4662id1415034.pdf,402,Table 2 1881 column,RGWR_1884_s4662id1415035.pdf,402,Table 2 1881 column,
1881-10-01,1881-10-08,2468,RGWR_1883_s4662id1415034.pdf,414,Table 2 1881 column,RGWR_1884_s4662id1415035.pdf,412,Table 2 1881 column,
1881-10-08,1881-10-15,2550,RGWR_1883_s4662id1415034.pdf,424,Table 2 1881 column,RGWR_1884_s4662id1415035.pdf,424,Table 2 1881 column,
1881-10-15,1881-10-22,2681,RGWR_1883_s4662id1415034.pdf,434,Table 2 1881 column,RGWR_1884_s4662id1415035.pdf,434,Table 2 1881 column,
1881-10-22,1881-10-29,2753,RGWR_1883_s4662id1415034.pdf,444,Table 2 1881 column,RGWR_1884_s4662id1415035.pdf,444,Table 2 1881 column,
1881-10-29,1881-11-05,2618,RGWR_1883_s4662id1415034.pdf,454,Table 2 1881 column,RGWR_1884_s4662id1415035.pdf,454,Table 2 1881 column,1884 text layer omits the 1881 value; scan prints 2618
1881-11-05,1881-11-12,2738,RGWR_1883_s4662id1415034.pdf,466,Table 2 1881 column,RGWR_1884_s4662id1415035.pdf,466,Table 2 1881 column,
1881-11-12,1881-11-19,2623,RGWR_1883_s4662id1415034.pdf,476,Table 2 1881 column,RGWR_1884_s4662id1415035.pdf,476,Table 2 1881 column,1883 OCR reads 29623 but scan prints 2623
1881-11-19,1881-11-26,2401,RGWR_1883_s4662id1415034.pdf,486,Table 2 1881 column,RGWR_1884_s4662id1415035.pdf,486,Table 2 1881 column,
1881-11-26,1881-12-03,2508,RGWR_1883_s4662id1415034.pdf,496,Table 2 1881 column,RGWR_1884_s4662id1415035.pdf,496,Table 2 1881 column,
1881-12-03,1881-12-10,2380,RGWR_1883_s4662id1415034.pdf,508,Table 2 1881 column,RGWR_1884_s4662id1415035.pdf,506,Table 2 1881 column,
1881-12-10,1881-12-17,2480,RGWR_1883_s4662id1415034.pdf,518,Table 2 1881 column,RGWR_1884_s4662id1415035.pdf,518,Table 2 1881 column,
1881-12-17,1881-12-24,2467,RGWR_1883_s4662id1415034.pdf,528,Table 2 1881 column,RGWR_1884_s4662id1415035.pdf,528,Table 2 1881 column,
1881-12-24,1881-12-31,2386,RGWR_1883_s4662id1415034.pdf,538,Table 2 1881 column,RGWR_1884_s4662id1415035.pdf,538,Table 2 1881 column,
