"date","cases","deaths"
1901-01-05,208,9
1901-01-12,199,9
1901-01-19,209,9
1901-01-26,205,8
1901-02-02,191,8
1901-02-09,189,4
1901-02-16,150,5
1901-02-23,193,5
1901-03-02,216,4
1901-03-09,179,6
1901-03-16,154,10
1901-03-23,174,6
1901-03-30,204,8
1901-04-06,167,8
1901-04-13,216,8
1901-04-20,178,3
1901-04-27,223,6
1901-05-04,434,9
1901-05-11,508,17
1901-05-18,365,14
1901-05-25,408,18
1901-06-01,367,17
1901-06-08,368,17
1901-06-15,354,21
1901-06-22,418,13
1901-06-29,478,12
1901-07-06,415,8
1901-07-13,408,17
1901-07-20,399,10
1901-07-27,442,20
1901-08-03,429,15
1901-08-10,371,10
1901-08-17,343,16
1901-08-24,294,12
1901-08-31,332,13
1901-09-07,394,14
1901-09-14,504,13
1901-09-21,479,9
1901-09-28,594,13
1901-10-05,636,14
1901-10-12,510,22
1901-10-19,610,13
1901-10-26,590,9
1901-11-02,532,12
1901-11-09,432,10
1901-11-16,411,4
1901-11-23,448,12
1901-11-30,400,12
1901-12-07,458,10
1901-12-14,403,12
1901-12-21,312,15
1901-12-28,302,15
1902-01-04,378,18
1902-01-11,331,14
1902-01-18,335,12
1902-01-25,368,11
1902-02-01,306,12
1902-02-08,315,14
1902-02-15,328,21
1902-02-22,271,4
1902-03-01,275,10
1902-03-08,340,5
1902-03-15,311,10
1902-03-22,309,11
1902-03-29,256,12
1902-04-05,312,10
1902-04-12,294,10
1902-04-19,307,9
1902-04-26,336,10
1902-05-03,292,12
1902-05-10,318,13
1902-05-17,324,8
1902-05-24,318,8
1902-05-31,381,13
1902-06-07,360,14
1902-06-14,333,8
1902-06-21,429,12
1902-06-28,325,9
1902-07-05,291,13
1902-07-12,319,6
1902-07-19,354,13
1902-07-26,463,8
1902-08-02,451,9
1902-08-09,331,16
1902-08-16,353,11
1902-08-23,345,14
1902-08-30,329,11
1902-09-06,384,9
1902-09-13,336,14
1902-09-20,357,7
1902-09-27,422,8
1902-10-04,430,9
1902-10-11,464,6
1902-10-18,407,10
1902-10-25,413,14
1902-11-01,441,13
1902-11-08,410,8
1902-11-15,308,9
1902-11-22,320,8
1902-11-29,443,5
1902-12-06,279,7
1902-12-13,322,10
1902-12-20,346,11
1902-12-27,226,12
1903-01-03,266,12
1903-01-10,296,13
1903-01-17,243,7
1903-01-24,256,11
1903-01-31,235,6
1903-02-07,225,8
1903-02-14,262,8
1903-02-21,235,9
1903-02-28,220,6
1903-03-07,214,7
1903-03-14,274,7
1903-03-21,255,7
1903-03-28,249,5
1903-04-04,221,5
1903-04-11,180,3
1903-04-18,216,4
1903-04-25,236,7
1903-05-02,297,9
1903-05-09,269,10
1903-05-16,259,7
1903-05-23,269,11
1903-05-30,264,5
1903-06-06,258,4
1903-06-13,199,11
1903-06-20,192,3
1903-06-27,244,5
1903-07-04,270,3
1903-07-11,272,9
1903-07-18,263,9
1903-07-25,291,9
1903-08-01,266,7
1903-08-08,238,7
1903-08-15,228,8
1903-08-22,233,4
1903-08-29,204,12
1903-09-05,245,3
1903-09-12,254,10
1903-09-19,256,3
1903-09-26,333,8
1903-10-03,274,2
1903-10-10,270,10
1903-10-17,249,8
1903-10-24,243,7
1903-10-31,240,5
1903-11-07,240,13
1903-11-14,214,7
1903-11-21,203,4
1903-11-28,206,6
1903-12-05,203,9
1903-12-12,190,0
1903-12-19,226,5
1903-12-26,156,7
1904-01-02,204,9
1904-01-09,226,10
1904-01-16,216,10
1904-01-23,190,10
1904-01-30,186,9
1904-02-06,178,3
1904-02-13,192,4
1904-02-20,167,9
1904-02-27,159,5
1904-03-05,189,5
1904-03-12,213,6
1904-03-19,196,2
1904-03-26,177,4
1904-04-02,152,4
1904-04-09,175,8
1904-04-16,180,4
1904-04-23,240,9
1904-04-30,216,10
1904-05-07,266,3
1904-05-14,256,7
1904-05-21,285,5
1904-05-28,208,4
1904-06-04,253,7
1904-06-11,221,4
1904-06-18,243,10
1904-06-25,219,3
1904-07-02,268,7
1904-07-09,315,9
1904-07-16,267,8
1904-07-23,245,4
1904-07-30,277,7
1904-08-06,203,2
1904-08-13,205,10
1904-08-20,204,4
1904-08-27,268,9
1904-09-03,308,6
1904-09-10,267,2
1904-09-17,374,14
1904-09-24,327,3
1904-10-01,398,9
1904-10-08,482,4
1904-10-15,420,11
1904-10-22,441,6
1904-10-29,342,8
1904-11-05,354,13
1904-11-12,319,9
1904-11-19,286,8
1904-11-26,309,19
1904-12-03,278,5
1904-12-10,290,9
1904-12-17,286,6
1904-12-24,259,3
1904-12-31,247,15
1905-01-07,215,9
1905-01-14,228,14
1905-01-21,252,7
1905-01-28,274,9
1905-02-04,252,10
1905-02-11,302,9
1905-02-18,266,12
1905-02-25,265,10
1905-03-04,309,14
1905-03-11,334,11
1905-03-18,304,7
1905-03-25,287,18
1905-04-01,280,4
1905-04-08,335,10
1905-04-15,322,13
1905-04-22,244,13
1905-04-29,286,9
1905-05-06,268,5
1905-05-13,336,9
1905-05-20,364,11
1905-05-27,338,4
1905-06-03,379,9
1905-06-10,300,11
1905-06-17,347,6
1905-06-24,327,7
1905-07-01,372,12
1905-07-08,378,11
1905-07-15,383,7
1905-07-22,322,6
1905-07-29,385,8
1905-08-05,376,9
1905-08-12,383,16
1905-08-19,403,10
1905-08-26,371,10
1905-09-02,401,11
1905-09-09,509,7
1905-09-16,482,8
1905-09-23,598,6
1905-09-30,543,17
1905-10-07,567,7
1905-10-14,547,9
1905-10-21,571,16
1905-10-28,554,13
1905-11-04,541,17
1905-11-11,576,13
1905-11-18,467,8
1905-11-25,501,6
1905-12-02,440,18
1905-12-09,400,13
1905-12-16,390,20
1905-12-23,294,18
1905-12-30,306,12
1906-01-06,347,9
1906-01-13,286,17
1906-01-20,345,13
1906-01-27,364,10
1906-02-03,356,5
1906-02-10,231,11
1906-02-17,321,9
1906-02-24,292,10
1906-03-03,336,6
1906-03-10,285,12
1906-03-17,268,10
1906-03-24,273,9
1906-03-31,245,8
1906-04-07,293,8
1906-04-14,246,7
1906-04-21,347,19
1906-04-28,314,6
1906-05-05,364,17
1906-05-12,356,11
1906-05-19,327,10
1906-05-26,376,15
1906-06-02,336,12
1906-06-09,363,6
1906-06-16,393,15
1906-06-23,402,13
1906-06-30,406,5
1906-07-07,399,17
1906-07-14,427,6
1906-07-21,434,12
1906-07-28,431,6
1906-08-04,463,6
1906-08-11,345,10
1906-08-18,329,8
1906-08-25,364,9
1906-09-01,308,7
1906-09-08,466,6
1906-09-15,442,4
1906-09-22,518,7
1906-09-29,537,10
1906-10-06,671,12
1906-10-13,602,19
1906-10-20,591,9
1906-10-27,566,15
1906-11-03,529,11
1906-11-10,477,17
1906-11-17,481,5
1906-11-24,521,8
1906-12-01,456,12
1906-12-08,444,12
1906-12-15,398,15
1906-12-22,363,9
1906-12-29,261,8
1907-01-05,332,8
1907-01-12,312,9
1907-01-19,360,11
1907-01-26,316,11
1907-02-02,332,8
1907-02-09,339,6
1907-02-16,401,8
1907-02-23,333,8
1907-03-02,344,6
1907-03-09,322,7
1907-03-16,350,8
1907-03-23,337,6
1907-03-30,327,8
1907-04-06,401,13
1907-04-13,313,9
1907-04-20,371,9
1907-04-27,394,8
1907-05-04,366,8
1907-05-11,383,9
1907-05-18,337,12
1907-05-25,451,13
1907-06-01,457,13
1907-06-08,393,11
1907-06-15,429,13
1907-06-22,410,10
1907-06-29,457,13
1907-07-06,512,13
1907-07-13,517,11
1907-07-20,595,15
1907-07-27,573,19
1907-08-03,444,13
1907-08-10,536,16
1907-08-17,438,8
1907-08-24,447,7
1907-08-31,571,14
1907-09-07,621,13
1907-09-14,606,12
1907-09-21,726,13
1907-09-28,780,14
1907-10-05,838,18
1907-10-12,798,19
1907-10-19,867,25
1907-10-26,871,26
1907-11-02,851,22
1907-11-09,726,16
1907-11-16,677,9
1907-11-23,653,18
1907-11-30,668,13
1907-12-07,596,19
1907-12-14,573,13
1907-12-21,491,24
1907-12-28,391,10
1908-01-04,463,17
1908-01-11,516,11
1908-01-18,470,24
1908-01-25,447,19
1908-02-01,413,12
1908-02-08,453,16
1908-02-15,472,16
1908-02-22,454,11
1908-02-29,379,10
1908-03-07,358,10
1908-03-14,356,14
1908-03-21,397,11
1908-03-28,374,15
1908-04-04,340,6
1908-04-11,331,12
1908-04-18,342,15
1908-04-25,359,8
1908-05-02,364,12
1908-05-09,384,10
1908-05-16,378,7
1908-05-23,332,8
1908-05-30,335,10
1908-06-06,293,10
1908-06-13,308,10
1908-06-20,301,7
1908-06-27,358,7
1908-07-04,343,9
1908-07-11,412,4
1908-07-18,371,6
1908-07-25,432,10
1908-08-01,384,10
1908-08-08,362,9
1908-08-15,328,9
1908-08-22,384,6
1908-08-29,385,13
1908-09-05,396,11
1908-09-12,478,6
1908-09-19,617,8
1908-09-26,604,3
1908-10-03,612,11
1908-10-10,539,12
1908-10-17,524,4
1908-10-24,425,6
1908-10-31,505,13
1908-11-07,531,10
1908-11-14,525,11
1908-11-21,447,8
1908-11-28,510,9
1908-12-05,451,14
1908-12-12,448,10
1908-12-19,413,14
1908-12-26,258,6
1909-01-02,417,4
1909-01-09,360,4
1909-01-16,354,11
1909-01-23,408,11
1909-01-30,350,7
1909-02-06,326,11
1909-02-13,311,9
1909-02-20,290,8
1909-02-27,333,8
1909-03-06,308,7
1909-03-13,284,9
1909-03-20,248,7
1909-03-27,340,9
1909-04-03,316,8
1909-04-10,229,11
1909-04-17,279,9
1909-04-24,271,8
1909-05-01,331,10
1909-05-08,313,10
1909-05-15,329,12
1909-05-22,372,6
1909-05-29,348,6
1909-06-05,309,8
1909-06-12,317,10
1909-06-19,459,10
1909-06-26,445,7
1909-07-03,403,3
1909-07-10,383,9
1909-07-17,420,6
1909-07-24,383,8
1909-07-31,316,4
1909-08-07,290,4
1909-08-14,307,9
1909-08-21,248,7
1909-08-28,283,6
1909-09-04,341,2
1909-09-11,413,5
1909-09-18,433,3
1909-09-25,447,8
1909-10-02,413,10
1909-10-09,328,10
1909-10-16,381,10
1909-10-23,347,3
1909-10-30,313,5
1909-11-06,317,6
1909-11-13,311,8
1909-11-20,304,3
1909-11-27,284,7
1909-12-04,277,11
1909-12-11,287,4
1909-12-18,285,5
1909-12-25,234,6
1910-01-01,282,8
1910-01-08,213,5
1910-01-15,215,2
1910-01-22,212,0
1910-01-29,209,10
1910-02-05,207,5
1910-02-12,246,6
1910-02-19,216,8
1910-02-26,221,4
1910-03-05,216,6
1910-03-12,216,9
1910-03-19,174,6
1910-03-26,180,10
1910-04-02,198,2
1910-04-09,196,4
1910-04-16,210,5
1910-04-23,202,6
1910-04-30,206,0
1910-05-07,188,6
1910-05-14,188,3
1910-05-21,203,4
1910-05-28,183,3
1910-06-04,215,6
1910-06-11,191,5
1910-06-18,172,3
1910-06-25,199,3
1910-07-02,196,2
1910-07-09,186,8
1910-07-16,247,4
1910-07-23,185,5
1910-07-30,199,2
1910-08-06,170,5
1910-08-13,176,1
1910-08-20,164,4
1910-08-27,168,3
1910-09-03,190,5
1910-09-10,203,2
1910-09-17,216,4
1910-09-24,214,3
1910-10-01,262,4
1910-10-08,250,3
1910-10-15,252,5
1910-10-22,263,4
1910-10-29,232,2
1910-11-05,200,3
1910-11-12,246,3
1910-11-19,204,8
1910-11-26,176,4
1910-12-03,170,3
1910-12-10,180,0
1910-12-17,189,2
1910-12-24,177,1
1910-12-31,145,3
1911-01-07,166,1
1911-01-14,151,5
1911-01-21,156,5
1911-01-28,125,3
1911-02-04,139,6
1911-02-11,144,1
1911-02-18,156,1
1911-02-25,158,6
1911-03-04,128,2
1911-03-11,143,3
1911-03-18,157,4
1911-03-25,137,3
1911-04-01,145,3
1911-04-08,122,3
1911-04-15,126,3
1911-04-22,185,4
1911-04-29,154,2
1911-05-06,156,3
1911-05-13,167,4
1911-05-20,173,2
1911-05-27,151,6
1911-06-03,171,3
1911-06-10,151,1
1911-06-17,196,3
1911-06-24,164,6
1911-07-01,172,3
1911-07-08,193,5
1911-07-15,211,3
1911-07-22,231,6
1911-07-29,222,2
1911-08-05,194,3
1911-08-12,186,6
1911-08-19,157,2
1911-08-26,141,0
1911-09-02,167,13
1911-09-09,226,5
1911-09-16,267,0
1911-09-23,243,4
1911-09-30,346,4
1911-10-07,303,4
1911-10-14,380,4
1911-10-21,382,1
1911-10-28,335,4
1911-11-04,291,3
1911-11-11,318,7
1911-11-18,309,5
1911-11-25,240,3
1911-12-02,258,1
1911-12-09,272,3
1911-12-16,253,5
1911-12-23,207,2
1911-12-30,169,3
1912-01-06,214,3
1912-01-13,172,3
1912-01-20,171,0
1912-01-27,195,3
1912-02-03,170,0
1912-02-10,183,1
1912-02-17,148,2
1912-02-24,214,1
1912-03-02,182,2
1912-03-09,168,5
1912-03-16,177,2
1912-03-23,131,0
1912-03-30,158,1
1912-04-06,114,1
1912-04-13,131,2
1912-04-20,143,4
1912-04-27,168,1
1912-05-04,183,4
1912-05-11,163,3
1912-05-18,163,4
1912-05-25,192,4
1912-06-01,173,3
1912-06-08,189,2
1912-06-15,200,3
1912-06-22,199,6
1912-06-29,206,5
1912-07-06,213,3
1912-07-13,247,4
1912-07-20,196,4
1912-07-27,214,5
1912-08-03,183,2
1912-08-10,211,5
1912-08-17,215,3
1912-08-24,160,4
1912-08-31,219,1
1912-09-07,233,5
1912-09-14,283,2
1912-09-21,239,4
1912-09-28,285,2
1912-10-05,330,2
1912-10-12,340,3
1912-10-19,356,8
1912-10-26,313,1
1912-11-02,306,5
1912-11-09,326,4
1912-11-16,303,9
1912-11-23,288,6
1912-11-30,294,3
1912-12-07,300,0
1912-12-14,252,1
1912-12-21,227,3
1912-12-28,180,5
1913-01-04,205,7
1913-01-11,203,3
1913-01-18,223,9
1913-01-25,210,3
1913-02-01,245,2
1913-02-08,223,7
1913-02-15,213,3
1913-02-22,169,6
1913-03-01,205,4
1913-03-08,178,0
1913-03-15,178,3
1913-03-22,118,4
1913-03-29,242,1
1913-04-05,178,5
1913-04-12,182,4
1913-04-19,215,3
1913-04-26,204,4
1913-05-03,220,3
1913-05-10,199,3
1913-05-17,213,1
1913-05-24,197,4
1913-05-31,188,4
1913-06-07,199,1
1913-06-14,201,5
1913-06-21,285,2
1913-06-28,332,2
1913-07-05,325,3
1913-07-12,335,5
1913-07-19,361,4
1913-07-26,361,1
1913-08-02,292,5
1913-08-09,228,4
1913-08-16,246,8
1913-08-23,241,7
1913-08-30,286,1
1913-09-06,336,3
1913-09-13,306,2
1913-09-20,403,1
1913-09-27,535,2
1913-10-04,514,2
1913-10-11,508,3
1913-10-18,576,3
1913-10-25,609,4
1913-11-01,698,1
1913-11-08,548,1
1913-11-15,681,4
1913-11-22,639,3
1913-11-29,640,5
1913-12-06,553,0
1913-12-13,596,5
1913-12-20,485,7
1913-12-27,318,6
1914-01-03,459,5
1914-01-10,457,4
1914-01-17,429,4
1914-01-24,374,6
1914-01-31,459,3
1914-02-07,411,5
1914-02-14,458,4
1914-02-21,380,4
1914-02-28,432,3
1914-03-07,360,7
1914-03-14,337,1
1914-03-21,342,8
1914-03-28,341,10
1914-04-04,396,7
1914-04-11,292,2
1914-04-18,318,7
1914-04-25,292,5
1914-05-02,381,5
1914-05-09,410,6
1914-05-16,338,8
1914-05-23,426,6
1914-05-30,404,6
1914-06-06,351,3
1914-06-13,403,4
1914-06-20,428,8
1914-06-27,445,6
1914-07-04,433,3
1914-07-11,432,5
1914-07-18,446,1
1914-07-25,423,4
1914-08-01,431,7
1914-08-08,372,4
1914-08-15,378,3
1914-08-22,364,8
1914-08-29,542,4
1914-09-05,554,8
1914-09-12,661,12
1914-09-19,584,6
1914-09-26,652,5
1914-10-03,810,5
1914-10-10,771,4
1914-10-17,875,6
1914-10-24,824,3
1914-10-31,689,10
1914-11-07,725,6
1914-11-14,698,8
1914-11-21,689,10
1914-11-28,644,14
1914-12-05,578,10
1914-12-12,546,11
1914-12-19,476,10
1914-12-26,318,6
1915-01-02,503,10
1915-01-09,328,6
1915-01-16,355,10
1915-01-23,322,4
1915-01-30,338,6
1915-02-06,369,7
1915-02-13,361,13
1915-02-20,308,10
1915-02-27,299,6
1915-03-06,333,7
1915-03-13,280,7
1915-03-20,318,6
1915-03-27,300,13
1915-04-03,243,5
1915-04-10,292,4
1915-04-17,276,9
1915-04-24,255,13
1915-05-01,321,9
1915-05-08,323,5
1915-05-15,276,6
1915-05-22,336,5
1915-05-29,279,4
1915-06-05,321,7
1915-06-12,350,5
1915-06-19,330,9
1915-06-26,331,10
1915-07-03,351,4
1915-07-10,348,6
1915-07-17,315,4
1915-07-24,349,9
1915-07-31,314,5
1915-08-07,284,4
1915-08-14,294,5
1915-08-21,223,4
1915-08-28,211,3
1915-09-04,354,4
1915-09-11,294,5
1915-09-18,400,4
1915-09-25,393,3
1915-10-02,422,2
1915-10-09,485,3
1915-10-16,467,8
1915-10-23,463,4
1915-10-30,410,6
1915-11-06,353,9
1915-11-13,396,8
1915-11-20,347,10
1915-11-27,331,10
1915-12-04,298,5
1915-12-11,277,3
1915-12-18,272,5
1915-12-25,199,6
1916-01-01,258,6
1916-01-08,261,6
1916-01-15,234,7
1916-01-22,274,1
1916-01-29,263,6
1916-02-05,257,7
1916-02-12,200,2
1916-02-19,223,7
1916-02-26,203,5
1916-03-04,234,2
1916-03-11,226,3
1916-03-18,192,5
1916-03-25,207,1
1916-04-01,210,7
1916-04-08,235,2
1916-04-15,196,3
1916-04-22,183,8
1916-04-29,201,5
1916-05-06,168,6
1916-05-13,167,4
1916-05-20,155,1
1916-05-27,161,3
1916-06-03,162,2
1916-06-10,166,2
1916-06-17,154,1
1916-06-24,170,1
1916-07-01,157,3
1916-07-08,165,2
1916-07-15,165,4
1916-07-22,172,5
1916-07-29,161,3
1916-08-05,127,2
1916-08-12,145,1
1916-08-19,90,1
1916-08-26,97,1
1916-09-02,129,2
1916-09-09,147,0
1916-09-16,141,1
1916-09-23,147,1
1916-09-30,155,1
1916-10-07,153,3
1916-10-14,153,3
1916-10-21,140,2
1916-10-28,177,3
1916-11-04,163,1
1916-11-11,153,0
1916-11-18,147,3
1916-11-25,118,0
1916-12-02,128,2
1916-12-09,98,1
1916-12-16,120,1
1916-12-23,94,2
1916-12-30,94,1
1917-01-06,119,0
1917-01-13,86,3
1917-01-20,108,1
1917-01-27,111,0
1917-02-03,93,2
1917-02-10,95,1
1917-02-17,113,5
1917-02-24,123,3
1917-03-03,109,0
1917-03-10,104,1
1917-03-17,109,1
1917-03-24,114,3
1917-03-31,98,2
1917-04-07,75,2
1917-04-14,91,2
1917-04-21,86,5
1917-04-28,96,1
1917-05-05,101,2
1917-05-12,99,2
1917-05-19,90,1
1917-05-26,90,0
1917-06-02,84,0
1917-06-09,107,0
1917-06-16,70,3
1917-06-23,72,1
1917-06-30,91,1
1917-07-07,102,1
1917-07-14,110,2
1917-07-21,94,0
1917-07-28,93,3
1917-08-04,84,2
1917-08-11,69,1
1917-08-18,90,2
1917-08-25,92,1
1917-09-01,88,2
1917-09-08,104,0
1917-09-15,113,1
1917-09-22,151,1
1917-09-29,156,2
1917-10-06,157,0
1917-10-13,168,0
1917-10-20,158,3
1917-10-27,212,3
1917-11-03,188,2
1917-11-10,153,1
1917-11-17,226,1
1917-11-24,210,3
1917-12-01,195,4
1917-12-08,169,2
1917-12-15,154,3
1917-12-22,132,3
1917-12-29,113,0
1918-01-05,135,1
1918-01-12,144,3
1918-01-19,125,1
1918-01-26,135,3
1918-02-02,135,3
1918-02-09,127,3
1918-02-16,106,2
1918-02-23,119,3
1918-03-02,94,0
1918-03-09,118,2
1918-03-16,131,2
1918-03-23,153,0
1918-03-30,118,2
1918-04-06,95,3
1918-04-13,109,2
1918-04-20,98,0
1918-04-27,97,2
1918-05-04,91,4
1918-05-11,123,1
1918-05-18,119,0
1918-05-25,108,2
1918-06-01,86,1
1918-06-08,106,0
1918-06-15,116,1
1918-06-22,135,2
1918-06-29,147,2
1918-07-06,112,2
1918-07-13,113,3
1918-07-20,110,5
1918-07-27,98,2
1918-08-03,102,1
1918-08-10,94,2
1918-08-17,100,0
1918-08-24,104,0
1918-08-31,101,1
1918-09-07,138,3
1918-09-14,161,3
1918-09-21,157,1
1918-09-28,185,2
1918-10-05,170,2
1918-10-12,242,3
1918-10-19,237,5
1918-10-26,211,5
1918-11-02,171,9
1918-11-09,170,5
1918-11-16,153,2
1918-11-23,138,2
1918-11-30,127,6
1918-12-07,156,4
1918-12-14,145,2
1918-12-21,137,2
1918-12-28,121,1
1919-01-04,160,0
1919-01-11,119,3
1919-01-18,157,2
1919-01-25,125,1
1919-02-01,122,4
1919-02-08,128,0
1919-02-15,143,6
1919-02-22,132,7
1919-03-01,121,5
1919-03-08,140,5
1919-03-15,130,4
1919-03-22,106,3
1919-03-29,155,2
1919-04-05,157,4
1919-04-12,177,4
1919-04-19,136,2
1919-04-26,122,2
1919-05-03,119,0
1919-05-10,152,2
1919-05-17,151,3
1919-05-24,156,4
1919-05-31,164,3
1919-06-07,147,1
1919-06-14,162,1
1919-06-21,165,2
1919-06-28,179,2
1919-07-05,244,6
1919-07-12,259,2
1919-07-19,240,1
1919-07-26,288,4
1919-08-02,212,1
1919-08-09,189,0
1919-08-16,208,0
1919-08-23,165,2
1919-08-30,166,0
1919-09-06,219,4
1919-09-13,259,2
1919-09-20,260,4
1919-09-27,305,4
1919-10-04,390,2
1919-10-11,418,2
1919-10-18,448,3
1919-10-25,479,5
1919-11-01,444,0
1919-11-08,458,2
1919-11-15,438,2
1919-11-22,467,2
1919-11-29,511,2
1919-12-06,503,6
1919-12-13,442,3
1919-12-20,484,5
1919-12-27,261,4
1920-01-03,469,5
1920-01-10,287,4
1920-01-17,328,7
1920-01-24,343,3
1920-01-31,303,5
1920-02-07,314,9
1920-02-14,282,3
1920-02-21,299,0
1920-02-28,277,3
1920-03-06,256,9
1920-03-13,252,5
1920-03-20,294,5
1920-03-27,281,3
1920-04-03,202,2
1920-04-10,305,6
1920-04-17,235,4
1920-04-24,217,4
1920-05-01,233,4
1920-05-08,229,4
1920-05-15,271,1
1920-05-22,229,3
1920-05-29,221,3
1920-06-05,198,3
1920-06-12,217,3
1920-06-19,264,2
1920-06-26,274,0
1920-07-03,302,2
1920-07-10,293,3
1920-07-17,303,2
1920-07-24,280,1
1920-07-31,292,3
1920-08-07,295,1
1920-08-14,317,2
1920-08-21,340,0
1920-08-28,369,5
1920-09-04,436,2
1920-09-11,532,5
1920-09-18,605,2
1920-09-25,703,1
1920-10-02,771,11
1920-10-09,826,3
1920-10-16,906,2
1920-10-23,943,6
1920-10-30,1025,3
1920-11-06,878,3
1920-11-13,980,7
1920-11-20,838,7
1920-11-27,728,7
1920-12-04,787,4
1920-12-11,723,6
1920-12-18,528,11
1920-12-25,471,5
1921-01-01,641,8
1921-01-08,516,8
1921-01-15,479,2
1921-01-22,540,5
1921-01-29,567,8
1921-02-05,424,8
1921-02-12,488,7
1921-02-19,525,7
1921-02-26,465,6
1921-03-05,476,6
1921-03-12,509,3
1921-03-19,513,9
1921-03-26,466,6
1921-04-02,445,6
1921-04-09,427,5
1921-04-16,409,5
1921-04-23,411,3
1921-04-30,490,7
1921-05-07,490,7
1921-05-14,533,5
1921-05-21,503,6
1921-05-28,553,4
1921-06-04,547,9
1921-06-11,427,4
1921-06-18,558,8
1921-06-25,546,6
1921-07-02,542,6
1921-07-09,625,2
1921-07-16,593,6
1921-07-23,602,4
1921-07-30,530,3
1921-08-06,439,3
1921-08-13,395,1
1921-08-20,478,2
1921-08-27,434,3
1921-09-03,605,4
1921-09-10,730,7
1921-09-17,878,2
1921-09-24,812,2
1921-10-01,894,6
1921-10-08,1154,6
1921-10-15,1137,1
1921-10-22,1232,9
1921-10-29,1102,4
1921-11-05,1088,6
1921-11-12,990,9
1921-11-19,949,4
1921-11-26,924,9
1921-12-03,779,7
1921-12-10,684,7
1921-12-17,689,9
1921-12-24,661,7
1922-01-07,553,13
1922-01-14,512,19
1922-01-21,520,17
1922-01-28,465,9
1922-02-04,477,13
1922-02-11,453,5
1922-02-18,422,12
1922-02-25,394,9
1922-03-04,380,7
1922-03-11,299,5
1922-03-18,388,6
1922-03-25,308,6
1922-04-01,325,10
1922-04-08,372,7
1922-04-15,325,6
1922-04-22,333,9
1922-04-29,305,5
1922-05-06,363,6
1922-05-13,342,7
1922-05-20,354,6
1922-05-27,320,12
1922-06-03,297,6
1922-06-10,269,3
1922-06-17,294,6
1922-06-24,318,5
1922-07-01,282,1
1922-07-08,333,3
1922-07-15,330,5
1922-07-22,332,5
1922-07-29,277,5
1922-08-05,272,2
1922-08-12,247,4
1922-08-19,232,4
1922-08-26,261,5
1922-09-02,258,2
1922-09-09,286,6
1922-09-16,305,1
1922-09-23,326,0
1922-09-30,369,1
1922-10-07,344,2
1922-10-14,311,2
1922-10-21,356,5
1922-10-28,303,2
1922-11-04,272,3
1922-11-11,327,4
1922-11-18,295,2
1922-11-25,278,6
1922-12-02,284,2
1922-12-09,273,4
1922-12-16,269,2
1922-12-23,249,5
1922-12-30,208,7
1923-01-06,285,4
1923-01-13,200,6
1923-01-20,222,2
1923-01-27,221,3
1923-02-03,220,3
1923-02-10,182,2
1923-02-17,230,0
1923-02-24,196,0
1923-03-03,218,3
1923-03-10,218,5
1923-03-17,212,1
1923-03-24,206,5
1923-03-31,172,1
1923-04-07,175,0
1923-04-14,142,0
1923-04-21,174,5
1923-04-28,170,3
1923-05-05,194,0
1923-05-12,189,3
1923-05-19,155,2
1923-05-26,172,2
1923-06-02,189,1
1923-06-09,161,0
1923-06-16,177,2
1923-06-23,171,3
1923-06-30,194,2
1923-07-07,180,2
1923-07-14,173,4
1923-07-21,141,1
1923-07-28,143,2
1923-08-04,127,3
1923-08-11,109,3
1923-08-18,114,0
1923-08-25,123,1
1923-09-01,123,2
1923-09-08,179,2
1923-09-15,218,2
1923-09-22,230,2
1923-09-29,256,2
1923-10-06,235,4
1923-10-13,230,2
1923-10-20,216,2
1923-10-27,302,3
1923-11-03,241,1
1923-11-10,220,4
1923-11-17,242,0
1923-11-24,227,3
1923-12-01,240,2
1923-12-08,214,2
1923-12-15,211,3
1923-12-22,178,2
1923-12-29,172,0
1924-01-05,194,4
1924-01-12,146,1
1924-01-19,179,7
1924-01-26,217,5
1924-02-02,148,1
1924-02-09,187,3
1924-02-16,170,2
1924-02-23,161,2
1924-03-01,133,3
1924-03-08,193,3
1924-03-15,155,4
1924-03-22,183,2
1924-03-29,184,1
1924-04-05,166,1
1924-04-12,170,2
1924-04-19,186,3
1924-04-26,215,2
1924-05-03,185,3
1924-05-10,189,3
1924-05-17,221,6
1924-05-24,235,0
1924-05-31,228,1
1924-06-07,227,3
1924-06-14,235,2
1924-06-21,193,3
1924-06-28,208,3
1924-07-05,205,2
1924-07-12,240,1
1924-07-19,184,2
1924-07-26,211,1
1924-08-02,216,4
1924-08-09,214,1
1924-08-16,219,2
1924-08-23,174,0
1924-08-30,207,3
1924-09-06,209,2
1924-09-13,273,3
1924-09-20,302,4
1924-09-27,269,1
1924-10-04,286,2
1924-10-11,323,1
1924-10-18,296,1
1924-10-25,293,3
1924-11-01,295,2
1924-11-08,264,0
1924-11-15,295,3
1924-11-22,255,5
1924-11-29,322,1
1924-12-06,256,1
1924-12-13,238,5
1924-12-20,268,3
1924-12-27,180,3
1925-01-03,291,3
1925-01-10,218,4
1925-01-17,239,2
1925-01-24,205,1
1925-01-31,211,3
1925-02-07,197,3
1925-02-14,213,1
1925-02-21,205,2
1925-02-28,193,0
1925-03-07,183,2
1925-03-14,183,1
1925-03-21,176,0
1925-03-28,197,2
1925-04-04,236,0
1925-04-11,206,4
1925-04-18,196,3
1925-04-25,191,3
1925-05-02,197,3
1925-05-09,239,2
1925-05-16,202,3
1925-05-23,217,3
1925-05-30,201,3
1925-06-06,183,4
1925-06-13,224,3
1925-06-20,195,1
1925-06-27,179,0
1925-07-04,257,3
1925-07-11,260,1
1925-07-18,282,3
1925-07-25,238,0
1925-08-01,200,1
1925-08-08,166,0
1925-08-15,194,4
1925-08-22,173,2
1925-08-29,188,0
1925-09-05,208,0
1925-09-12,213,0
1925-09-19,281,0
1925-09-26,327,1
1925-10-03,342,3
1925-10-10,363,3
1925-10-17,313,3
1925-10-24,382,3
1925-10-31,313,0
1925-11-07,310,1
1925-11-14,332,1
1925-11-21,327,4
1925-11-28,298,3
1925-12-05,256,2
1925-12-12,267,4
1925-12-19,235,2
1925-12-26,196,2
1926-01-02,278,1
1926-01-09,248,2
1926-01-16,229,1
1926-01-23,226,3
1926-01-30,266,1
1926-02-06,255,4
1926-02-13,232,2
1926-02-20,271,3
1926-02-27,247,2
1926-03-06,225,3
1926-03-13,224,3
1926-03-20,242,2
1926-03-27,237,3
1926-04-03,261,2
1926-04-10,213,1
1926-04-17,228,3
1926-04-24,201,1
1926-05-01,241,1
1926-05-08,234,2
1926-05-15,238,2
1926-05-22,268,2
1926-05-29,250,2
1926-06-05,204,2
1926-06-12,252,2
1926-06-19,252,4
1926-06-26,236,2
1926-07-03,278,0
1926-07-10,232,0
1926-07-17,289,3
1926-07-24,191,0
1926-07-31,202,0
1926-08-07,159,0
1926-08-14,190,1
1926-08-21,181,1
1926-08-28,151,2
1926-09-04,184,4
1926-09-11,186,0
1926-09-18,216,1
1926-09-25,217,1
1926-10-02,275,0
1926-10-09,303,1
1926-10-16,267,0
1926-10-23,279,2
1926-10-30,302,0
1926-11-06,275,0
1926-11-13,305,1
1926-11-20,291,0
1926-11-27,263,1
1926-12-04,265,2
1926-12-11,234,3
1926-12-18,198,2
1926-12-25,195,0
1927-01-01,267,2
1927-01-08,210,0
1927-01-15,213,2
1927-01-22,189,1
1927-01-29,205,2
1927-02-05,177,5
1927-02-12,170,1
1927-02-19,195,1
1927-02-26,197,1
1927-03-05,186,1
1927-03-12,181,1
1927-03-19,184,0
1927-03-26,201,2
1927-04-02,230,1
1927-04-09,231,0
1927-04-16,201,3
1927-04-23,191,1
1927-04-30,208,1
1927-05-07,255,0
1927-05-14,249,0
1927-05-21,232,0
1927-05-28,231,5
1927-06-04,305,1
1927-06-11,261,1
1927-06-18,285,1
1927-06-25,279,0
1927-07-02,300,3
1927-07-09,301,0
1927-07-16,260,1
1927-07-23,294,3
1927-07-30,306,1
1927-08-06,181,0
1927-08-13,191,0
1927-08-20,172,5
1927-08-27,201,2
1927-09-03,255,1
1927-09-10,285,0
1927-09-17,246,0
1927-09-24,319,0
1927-10-01,315,0
1927-10-08,364,2
1927-10-15,400,1
1927-10-22,386,0
1927-10-29,403,0
1927-11-05,341,2
1927-11-12,272,0
1927-11-19,343,0
1927-11-26,343,0
1927-12-03,304,3
1927-12-10,294,5
1927-12-17,271,2
1927-12-24,239,1
1927-12-31,225,0
1928-01-07,269,1
1928-01-14,226,2
1928-01-21,249,1
1928-01-28,252,0
1928-02-04,271,1
1928-02-11,266,2
1928-02-18,279,4
1928-02-25,261,3
1928-03-03,243,1
1928-03-10,233,6
1928-03-17,193,2
1928-03-24,239,0
1928-03-31,234,2
1928-04-07,235,1
1928-04-14,269,1
1928-04-21,200,2
1928-04-28,245,1
1928-05-05,271,3
1928-05-12,232,1
1928-05-19,311,1
1928-05-26,259,1
1928-06-02,292,1
1928-06-09,271,2
1928-06-16,303,2
1928-06-23,277,4
1928-06-30,274,0
1928-07-07,295,0
1928-07-14,308,0
1928-07-21,316,3
1928-07-28,308,1
1928-08-04,243,2
1928-08-11,201,1
1928-08-18,203,0
1928-08-25,224,1
1928-09-01,211,5
1928-09-08,295,0
1928-09-15,338,1
1928-09-22,353,0
1928-09-29,396,3
1928-10-06,402,0
1928-10-13,503,3
1928-10-20,448,2
1928-10-27,472,2
1928-11-03,407,0
1928-11-10,408,2
1928-11-17,405,0
1928-11-24,344,1
1928-12-01,371,1
1928-12-08,356,2
1928-12-15,350,2
1928-12-22,290,0
1928-12-29,266,1
1929-01-05,283,4
1929-01-12,272,2
1929-01-19,274,2
1929-01-26,269,0
1929-02-02,314,2
1929-02-09,277,4
1929-02-16,238,1
1929-02-23,255,3
1929-03-02,237,4
1929-03-09,298,3
1929-03-16,271,1
1929-03-23,282,0
1929-03-30,289,2
1929-04-06,254,1
1929-04-13,231,2
1929-04-20,240,1
1929-04-27,262,0
1929-05-04,298,0
1929-05-11,278,1
1929-05-18,218,1
1929-05-25,234,1
1929-06-01,212,2
1929-06-08,224,1
1929-06-15,247,2
1929-06-22,232,0
1929-06-29,230,1
1929-07-06,240,0
1929-07-13,252,2
1929-07-20,263,0
1929-07-27,251,3
1929-08-03,264,0
1929-08-10,167,0
1929-08-17,229,1
1929-08-24,236,1
1929-08-31,226,2
1929-09-07,279,0
1929-09-14,274,0
1929-09-21,293,2
1929-09-28,357,0
1929-10-05,491,1
1929-10-12,478,1
1929-10-19,538,2
1929-10-26,505,0
1929-11-02,479,0
1929-11-09,464,4
1929-11-16,427,1
1929-11-23,487,2
1929-11-30,431,2
1929-12-07,418,4
1929-12-14,429,2
1929-12-21,407,1
1929-12-28,315,5
1930-01-04,379,1
1930-01-11,337,2
1930-01-18,362,3
1930-01-25,403,2
1930-02-01,372,4
1930-02-08,375,2
1930-02-15,344,4
1930-02-22,350,2
1930-03-01,348,2
1930-03-08,373,4
1930-03-15,345,6
1930-03-22,323,5
1930-03-29,352,5
1930-04-05,364,1
1930-04-12,339,5
1930-04-19,335,1
1930-04-26,333,5
1930-05-03,299,0
1930-05-10,290,3
1930-05-17,320,3
1930-05-24,377,2
1930-05-31,371,2
1930-06-07,329,4
1930-06-14,269,3
1930-06-21,305,3
1930-06-28,277,2
1930-07-05,299,2
1930-07-12,328,0
1930-07-19,317,2
1930-07-26,318,1
1930-08-02,284,3
1930-08-09,230,0
1930-08-16,229,1
1930-08-23,213,0
1930-08-30,249,1
1930-09-06,237,2
1930-09-13,246,1
1930-09-20,238,1
1930-09-27,300,0
1930-10-04,320,2
1930-10-11,320,3
1930-10-18,384,0
1930-10-25,292,0
1930-11-01,347,1
1930-11-08,303,1
1930-11-15,376,0
1930-11-22,374,0
1930-11-29,326,0
1930-12-06,320,2
1930-12-13,273,0
1930-12-20,298,0
1930-12-27,210,2
1931-01-03,296,8
1931-01-10,206,0
1931-01-17,223,5
1931-01-24,236,1
1931-01-31,222,1
1931-02-07,250,1
1931-02-14,203,3
1931-02-21,230,2
1931-02-28,258,0
1931-03-07,219,2
1931-03-14,181,0
1931-03-21,222,0
1931-03-28,214,1
1931-04-04,201,3
1931-04-11,200,3
1931-04-18,198,1
1931-04-25,210,2
1931-05-02,201,0
1931-05-09,223,0
1931-05-16,218,2
1931-05-23,212,1
1931-05-30,192,2
1931-06-06,160,2
1931-06-13,168,0
1931-06-20,196,0
1931-06-27,205,1
1931-07-04,210,1
1931-07-11,207,1
1931-07-18,225,2
1931-07-25,258,0
1931-08-01,233,1
1931-08-08,175,0
1931-08-15,180,1
1931-08-22,177,1
1931-08-29,190,0
1931-09-05,233,2
1931-09-12,199,1
1931-09-19,279,0
1931-09-26,286,0
1931-10-03,315,0
1931-10-10,346,1
1931-10-17,342,3
1931-10-24,331,3
1931-10-31,337,1
1931-11-07,305,1
1931-11-14,293,2
1931-11-21,266,1
1931-11-28,308,1
1931-12-05,251,1
1931-12-12,278,2
1931-12-19,221,1
1931-12-26,172,2
1932-01-02,249,1
1932-01-09,229,0
1932-01-16,203,2
1932-01-23,232,2
1932-01-30,235,2
1932-02-06,228,1
1932-02-13,225,2
1932-02-20,242,0
1932-02-27,216,2
1932-03-05,233,2
1932-03-12,269,2
1932-03-19,275,3
1932-03-26,227,3
1932-04-02,239,2
1932-04-09,232,1
1932-04-16,234,1
1932-04-23,250,1
1932-04-30,292,1
1932-05-07,262,3
1932-05-14,273,0
1932-05-21,267,6
1932-05-28,250,2
1932-06-04,260,3
1932-06-11,289,1
1932-06-18,253,3
1932-06-25,248,4
1932-07-02,280,2
1932-07-09,257,1
1932-07-16,247,4
1932-07-23,212,2
1932-07-30,214,0
1932-08-06,204,0
1932-08-13,217,0
1932-08-20,171,4
1932-08-27,148,0
1932-09-03,227,1
1932-09-10,245,3
1932-09-17,260,0
1932-09-24,326,2
1932-10-01,328,0
1932-10-08,382,1
1932-10-15,381,3
1932-10-22,392,1
1932-10-29,440,1
1932-11-05,425,0
1932-11-12,342,1
1932-11-19,359,1
1932-11-26,354,3
1932-12-03,352,0
1932-12-10,300,0
1932-12-17,325,0
1932-12-24,333,1
1932-12-31,309,3
1933-01-07,265,1
1933-01-14,265,1
1933-01-21,301,1
1933-01-28,260,5
1933-02-04,290,0
1933-02-11,300,5
1933-02-18,278,3
1933-02-25,250,1
1933-03-04,320,2
1933-03-11,359,2
1933-03-18,349,1
1933-03-25,297,1
1933-04-01,340,1
1933-04-08,307,3
1933-04-15,314,0
1933-04-22,339,1
1933-04-29,292,0
1933-05-06,291,0
1933-05-13,345,4
1933-05-20,341,3
1933-05-27,395,1
1933-06-03,400,0
1933-06-10,305,2
1933-06-17,369,1
1933-06-24,383,0
1933-07-01,466,2
1933-07-08,478,0
1933-07-15,419,0
1933-07-22,513,2
1933-07-29,450,1
1933-08-05,384,4
1933-08-12,245,0
1933-08-19,273,0
1933-08-26,302,0
1933-09-02,330,2
1933-09-09,423,1
1933-09-16,428,0
1933-09-23,543,0
1933-09-30,605,3
1933-10-07,592,2
1933-10-14,764,3
1933-10-21,717,1
1933-10-28,719,1
1933-11-04,626,1
1933-11-11,708,3
1933-11-18,741,1
1933-11-25,669,0
1933-12-02,532,1
1933-12-09,535,1
1933-12-16,579,2
1933-12-23,563,6
1933-12-30,471,5
1934-01-06,508,0
1934-01-13,433,4
1934-01-20,442,1
1934-01-27,388,4
1934-02-03,358,2
1934-02-10,341,0
1934-02-17,401,3
1934-02-24,315,4
1934-03-03,324,3
1934-03-10,354,4
1934-03-17,379,1
1934-03-24,382,2
1934-03-31,340,4
1934-04-07,315,0
1934-04-14,361,6
1934-04-21,356,2
1934-04-28,351,1
1934-05-05,387,0
1934-05-12,355,2
1934-05-19,376,0
1934-05-26,292,1
1934-06-02,337,3
1934-06-09,353,2
1934-06-16,366,2
1934-06-23,318,1
1934-06-30,329,1
1934-07-07,336,0
1934-07-14,341,1
1934-07-21,372,1
1934-07-28,392,0
1934-08-04,325,1
1934-08-11,223,2
1934-08-18,198,0
1934-08-25,227,0
1934-09-01,256,1
1934-09-08,299,0
1934-09-15,330,0
1934-09-22,375,0
1934-09-29,357,0
1934-10-06,372,1
1934-10-13,402,0
1934-10-20,382,0
1934-10-27,455,0
1934-11-03,428,2
1934-11-10,397,0
1934-11-17,452,1
1934-11-24,384,1
1934-12-01,341,2
1934-12-08,371,0
1934-12-15,358,0
1934-12-22,325,0
1934-12-29,241,1
1935-01-05,281,0
1935-01-12,238,0
1935-01-19,279,0
1935-01-26,283,0
1935-02-02,240,0
1935-02-09,242,2
1935-02-16,255,0
1935-02-23,227,1
1935-03-02,207,0
1935-03-09,209,0
1935-03-16,206,0
1935-03-23,275,1
1935-03-30,227,0
1935-04-06,240,1
1935-04-13,231,2
1935-04-20,175,1
1935-04-27,203,0
1935-05-04,168,2
1935-05-11,191,0
1935-05-18,200,0
1935-05-25,206,0
1935-06-01,204,0
1935-06-08,200,1
1935-06-15,165,0
1935-06-22,149,0
1935-06-29,169,0
1935-07-06,156,1
1935-07-13,167,1
1935-07-20,158,0
1935-07-27,155,0
1935-08-03,172,2
1935-08-10,224,0
1935-08-17,129,2
1935-08-24,149,1
1935-08-31,149,0
1935-09-07,200,0
1935-09-14,195,0
1935-09-21,206,0
1935-09-28,219,0
1935-10-05,201,1
1935-10-12,229,1
1935-10-19,240,0
1935-10-26,265,0
1935-11-02,330,1
1935-11-09,239,0
1935-11-16,230,0
1935-11-23,251,0
1935-11-30,290,1
1935-12-07,215,0
1935-12-14,225,1
1935-12-21,203,0
1935-12-28,214,1
1936-01-04,181,0
1936-01-11,228,0
1936-01-18,243,1
1936-01-25,196,1
1936-02-01,166,0
1936-02-08,172,0
1936-02-15,214,1
1936-02-22,201,1
1936-02-29,196,0
1936-03-07,199,1
1936-03-14,239,1
1936-03-21,237,1
1936-03-28,221,1
1936-04-04,195,2
1936-04-11,189,1
1936-04-18,165,2
1936-04-25,229,0
1936-05-02,225,3
1936-05-09,227,3
1936-05-16,245,3
1936-05-23,204,1
1936-05-30,217,0
1936-06-06,238,3
1936-06-13,226,0
1936-06-20,204,0
1936-06-27,244,1
1936-07-04,178,1
1936-07-11,199,0
1936-07-18,201,0
1936-07-25,195,0
1936-08-01,137,1
1936-08-08,143,0
1936-08-15,150,2
1936-08-22,145,1
1936-08-29,173,0
1936-09-05,184,0
1936-09-12,191,0
1936-09-19,232,0
1936-09-26,193,1
1936-10-03,191,0
1936-10-10,234,0
1936-10-17,237,1
1936-10-24,268,2
1936-10-31,248,1
1936-11-07,233,1
1936-11-14,220,1
1936-11-21,217,0
1936-11-28,216,0
1936-12-05,173,1
1936-12-12,196,1
1936-12-19,130,1
1936-12-26,226,0
1937-01-02,164,0
1937-01-09,166,1
1937-01-16,163,2
1937-01-23,142,1
1937-01-30,173,1
1937-02-06,153,1
1937-02-13,184,2
1937-02-20,195,1
1937-02-27,161,1
1937-03-06,172,1
1937-03-13,199,0
1937-03-20,167,0
1937-03-27,176,1
1937-04-03,185,1
1937-04-10,188,0
1937-04-17,176,0
1937-04-24,155,2
1937-05-01,163,0
1937-05-08,139,3
1937-05-15,159,0
1937-05-22,144,0
1937-05-29,146,1
1937-06-05,161,0
1937-06-12,138,0
1937-06-19,170,0
1937-06-26,196,0
1937-07-03,191,0
1937-07-10,184,2
1937-07-17,159,1
1937-07-24,142,1
1937-07-31,107,0
1937-08-07,101,1
1937-08-14,96,0
1937-08-21,88,0
1937-08-28,143,2
1937-09-04,146,0
1937-09-11,139,1
1937-09-18,179,1
1937-09-25,198,0
1937-10-02,201,0
1937-10-09,161,1
1937-10-16,221,0
1937-10-23,191,0
1937-10-30,202,0
1937-11-06,179,0
1937-11-13,197,0
1937-11-20,207,0
1937-11-27,171,0
1937-12-04,160,2
1937-12-11,159,1
1937-12-18,131,0
1937-12-25,188,1
1938-01-08,141,1
1938-01-15,136,2
1938-01-22,165,0
1938-01-29,167,0
1938-02-05,168,0
1938-02-12,193,0
1938-02-19,147,0
1938-02-26,198,0
1938-03-05,182,0
1938-03-12,196,0
1938-03-19,189,3
1938-03-26,200,3
1938-04-02,188,0
1938-04-09,191,0
1938-04-16,166,0
1938-04-23,175,1
1938-04-30,178,2
1938-05-07,174,0
1938-05-14,181,1
1938-05-21,201,1
1938-05-28,218,1
1938-06-04,188,1
1938-06-11,149,0
1938-06-18,156,0
1938-06-25,171,1
1938-07-02,152,1
1938-07-09,157,0
1938-07-16,168,0
1938-07-23,191,1
1938-07-30,128,1
1938-08-06,112,1
1938-08-13,107,0
1938-08-20,76,0
1938-08-27,90,0
1938-09-03,97,0
1938-09-10,121,2
1938-09-17,131,0
1938-09-24,160,1
1938-10-01,155,0
1938-10-08,180,0
1938-10-15,186,0
1938-10-22,159,0
1938-10-29,192,1
1938-11-05,168,0
1938-11-12,170,1
1938-11-19,179,1
1938-11-26,175,0
1938-12-03,158,0
1938-12-10,166,0
1938-12-17,151,1
1938-12-24,96,0
1938-12-31,100,0
1939-01-07,114,0
1939-01-14,99,0
1939-01-21,,
1939-01-28,,
1939-02-04,128,0
1939-02-11,163,1
1939-02-18,172,0
1939-02-25,139,1
1939-03-04,142,0
1939-03-11,146,0
1939-03-18,148,0
1939-03-25,152,0
1939-04-01,152,0
1939-04-08,140,1
1939-04-15,151,1
1939-04-22,121,0
1939-04-29,155,0
1939-05-06,176,0
1939-05-13,170,0
1939-05-20,167,0
1939-05-27,187,0
1939-06-03,135,0
1939-06-10,144,1
1939-06-17,161,0
1939-06-24,162,0
1939-07-01,166,0
1939-07-08,203,0
1939-07-15,181,0
1939-07-22,191,0
1939-07-29,165,1
1939-08-05,152,0
1939-08-12,108,0
1939-08-19,108,0
1939-08-26,92,0
1939-09-02,98,0
1939-09-09,57,0
1939-09-16,32,0
1939-09-23,37,0
1939-09-30,37,0
1939-10-07,32,0
1939-10-14,54,0
1939-10-21,28,0
1939-10-28,19,0
1939-11-04,33,1
1939-11-11,36,0
1939-11-18,34,0
1939-11-25,34,0
1939-12-02,31,0
1939-12-09,37,0
1939-12-16,36,1
1939-12-23,32,1
1939-12-30,22,0
1940-01-06,44,1
1940-01-13,38,0
1940-01-20,27,0
1940-01-27,36,0
1940-02-03,47,0
1940-02-10,48,0
1940-02-17,44,0
1940-02-24,38,0
1940-03-02,35,0
1940-03-09,35,0
1940-03-16,58,1
1940-03-23,29,0
1940-03-30,47,0
1940-04-06,36,0
1940-04-13,40,0
1940-04-20,46,0
1940-04-27,38,0
1940-05-04,27,0
1940-05-11,34,1
1940-05-18,32,0
1940-05-25,38,0
1940-06-01,57,0
1940-06-08,37,0
1940-06-15,28,0
1940-06-22,32,0
1940-06-29,26,0
1940-07-06,34,0
1940-07-13,21,0
1940-07-20,28,0
1940-07-27,41,0
1940-08-03,42,0
1940-08-10,38,0
1940-08-17,37,0
1940-08-24,45,0
1940-08-31,37,0
1940-09-07,54,0
1940-09-14,47,0
1940-09-21,71,0
1940-09-28,82,0
1940-10-05,64,0
1940-10-12,79,0
1940-10-19,86,0
1940-10-26,56,0
1940-11-02,50,0
1940-11-09,104,0
1940-11-16,53,0
1940-11-23,89,0
1940-11-30,86,0
1940-12-07,69,0
1940-12-14,69,0
1940-12-21,94,1
1940-12-28,65,0
1941-01-04,74,0
1941-01-11,77,0
1941-01-18,81,0
1941-01-25,82,0
1941-02-01,61,0
1941-02-08,65,0
1941-02-15,63,0
1941-02-22,53,0
1941-03-01,62,0
1941-03-08,52,0
1941-03-15,60,0
1941-03-22,55,0
1941-03-29,53,0
1941-04-05,67,0
1941-04-12,55,0
1941-04-19,50,0
1941-04-26,47,0
1941-05-03,57,0
1941-05-10,51,0
1941-05-17,45,0
1941-05-24,53,0
1941-05-31,66,0
1941-06-07,51,0
1941-06-14,30,0
1941-06-21,36,0
1941-06-28,34,0
1941-07-05,23,0
1941-07-12,30,1
1941-07-19,24,0
1941-07-26,34,0
1941-08-02,38,0
1941-08-09,27,0
1941-08-16,24,0
1941-08-23,26,0
1941-08-30,32,0
1941-09-06,34,0
1941-09-13,89,0
1941-09-20,34,0
1941-09-27,38,0
1941-10-04,44,0
1941-10-11,35,0
1941-10-18,43,0
1941-10-25,37,0
1941-11-01,36,0
1941-11-08,36,0
1941-11-15,36,0
1941-11-22,46,0
1941-11-29,48,0
1941-12-06,35,0
1941-12-13,45,0
1941-12-20,35,0
1941-12-27,28,0
1942-01-03,,
1942-01-10,33,0
1942-01-17,32,0
1942-01-24,33,0
1942-01-31,24,0
1942-02-07,39,0
1942-02-14,36,0
1942-02-21,46,0
1942-02-28,38,0
1942-03-07,34,0
1942-03-14,52,0
1942-03-21,47,0
1942-03-28,45,0
1942-04-04,48,0
1942-04-11,45,0
1942-04-18,60,0
1942-04-25,46,0
1942-05-02,38,0
1942-05-09,73,0
1942-05-16,60,0
1942-05-23,45,0
1942-05-30,48,0
1942-06-06,41,0
1942-06-13,65,0
1942-06-20,67,0
1942-06-27,64,0
1942-07-04,84,0
1942-07-11,59,0
1942-07-18,88,0
1942-07-25,80,0
1942-08-01,73,0
1942-08-08,86,0
1942-08-15,76,0
1942-08-22,108,0
1942-08-29,100,0
1942-09-05,116,0
1942-09-12,83,0
1942-09-19,115,0
1942-09-26,135,0
1942-10-03,155,0
1942-10-10,165,0
1942-10-17,175,0
1942-10-24,169,0
1942-10-31,129,1
1942-11-07,163,0
1942-11-14,176,0
1942-11-21,166,0
1942-11-28,148,0
1942-12-05,146,0
1942-12-12,148,0
1942-12-19,176,0
1942-12-26,98,1
1943-01-02,,0
1943-01-09,134,0
1943-01-16,158,0
1943-01-23,158,0
1943-01-30,153,0
1943-02-06,159,0
1943-02-13,159,1
1943-02-20,134,0
1943-02-27,133,0
1943-03-06,148,0
1943-03-13,126,0
1943-03-20,165,0
1943-03-27,156,0
1943-04-03,180,0
1943-04-10,209,1
1943-04-17,173,1
1943-04-24,164,0
1943-05-01,164,0
1943-05-08,137,0
1943-05-15,157,0
1943-05-22,155,0
1943-05-29,167,0
1943-06-05,168,0
1943-06-12,195,1
1943-06-19,144,0
1943-06-26,156,0
1943-07-03,171,1
1943-07-10,132,0
1943-07-17,196,0
1943-07-24,211,0
1943-07-31,193,0
1943-08-07,138,0
1943-08-14,155,0
1943-08-21,131,1
1943-08-28,215,0
1943-09-04,221,0
1943-09-11,235,0
1943-09-18,231,0
1943-09-25,260,0
1943-10-02,282,0
1943-10-09,309,0
1943-10-16,321,0
1943-10-23,316,0
1943-10-30,276,1
1943-11-06,237,0
1943-11-13,246,0
1943-11-20,258,0
1943-11-27,240,0
1943-12-04,219,1
1943-12-11,178,0
1943-12-18,145,0
1943-12-25,87,0
1944-01-01,,0
1944-01-08,108,0
1944-01-15,146,0
1944-01-22,157,0
1944-01-29,138,0
1944-02-05,147,0
1944-02-12,125,0
1944-02-19,115,0
1944-02-26,117,0
1944-03-04,118,0
1944-03-11,141,0
1944-03-18,152,0
1944-03-25,169,0
1944-04-01,165,0
1944-04-08,111,1
1944-04-15,89,0
1944-04-22,103,0
1944-04-29,120,0
1944-05-06,115,0
1944-05-13,133,1
1944-05-20,121,1
1944-05-27,117,0
1944-06-03,92,1
1944-06-10,78,0
1944-06-17,86,0
1944-06-24,90,0
1944-07-01,66,0
1944-07-08,87,0
1944-07-15,56,1
1944-07-22,56,0
1944-07-29,38,0
1944-08-05,45,0
1944-08-12,22,0
1944-08-19,24,0
1944-08-26,29,0
1944-09-02,28,0
1944-09-09,30,0
1944-09-16,28,0
1944-09-23,30,0
1944-09-30,39,0
1944-10-07,41,0
1944-10-14,32,0
1944-10-21,44,0
1944-10-28,60,2
1944-11-04,56,0
1944-11-11,46,0
1944-11-18,56,0
1944-11-25,60,0
1944-12-02,71,0
1944-12-09,58,0
1944-12-16,60,0
1944-12-23,52,1
1944-12-30,37,0
1945-01-06,48,0
1945-01-13,52,0
1945-01-20,73,0
1945-01-27,49,0
1945-02-03,37,0
1945-02-10,68,0
1945-02-17,47,0
1945-02-24,49,0
1945-03-03,53,0
1945-03-10,55,0
1945-03-17,62,0
1945-03-24,53,0
1945-03-31,52,0
1945-04-07,45,0
1945-04-14,57,0
1945-04-21,51,0
1945-04-28,71,0
1945-05-05,70,1
1945-05-12,69,0
1945-05-19,62,0
1945-05-26,65,0
1945-06-02,45,0
1945-06-09,45,0
1945-06-16,65,0
1945-06-23,47,0
1945-06-30,62,0
1945-07-07,55,0
1945-07-14,74,0
1945-07-21,74,0
1945-07-28,76,0
1945-08-04,65,0
1945-08-11,57,0
1945-08-18,65,0
1945-08-25,75,0
1945-09-01,63,0
1945-09-08,90,0
1945-09-15,92,0
1945-09-22,105,0
1945-09-29,113,0
1945-10-06,135,0
1945-10-13,126,0
1945-10-20,151,0
1945-10-27,145,0
1945-11-03,149,0
1945-11-10,113,0
1945-11-17,134,0
1945-11-24,155,0
1945-12-01,163,0
1945-12-08,144,0
1945-12-15,168,0
1945-12-22,139,0
1945-12-29,126,0
1946-01-05,111,0
1946-01-12,117,0
1946-01-19,131,0
1946-01-26,129,0
1946-02-02,135,0
1946-02-09,124,0
1946-02-16,90,0
1946-02-23,116,0
1946-03-02,86,0
1946-03-09,75,0
1946-03-16,88,0
1946-03-23,104,0
1946-03-30,88,0
1946-04-06,102,0
1946-04-13,105,0
1946-04-20,84,0
1946-04-27,104,0
1946-05-04,65,0
1946-05-11,67,0
1946-05-18,74,1
1946-05-25,100,0
1946-06-01,88,0
1946-06-08,84,0
1946-06-15,85,0
1946-06-22,77,0
1946-06-29,100,0
1946-07-06,64,0
1946-07-13,72,0
1946-07-20,79,0
1946-07-27,86,0
1946-08-03,82,0
1946-08-10,60,0
1946-08-17,48,0
1946-08-24,53,0
1946-08-31,62,0
1946-09-07,44,0
1946-09-14,68,0
1946-09-21,71,0
1946-09-28,65,0
1946-10-05,91,0
1946-10-12,94,0
1946-10-19,90,0
1946-10-26,103,0
1946-11-02,86,0
1946-11-09,110,0
1946-11-16,81,0
1946-11-23,102,0
1946-11-30,108,0
1946-12-07,109,0
1946-12-14,101,0
1946-12-21,73,0
1946-12-28,67,0
1947-01-04,75,0
1947-01-11,81,0
1947-01-18,106,0
1947-01-25,81,0
1947-02-01,89,0
1947-02-08,68,0
1947-02-15,67,0
1947-02-22,70,0
1947-03-01,84,0
1947-03-08,79,0
1947-03-15,114,0
1947-03-22,86,0
1947-03-29,96,0
1947-04-05,86,0
1947-04-12,73,0
1947-04-19,73,0
1947-04-26,76,0
1947-05-03,78,0
1947-05-10,79,0
1947-05-17,91,0
1947-05-24,89,0
1947-05-31,75,0
1947-06-07,74,0
1947-06-14,73,0
1947-06-21,82,1
1947-06-28,69,0
1947-07-05,87,0
1947-07-12,95,0
1947-07-19,73,0
1947-07-26,76,0
1947-08-02,80,0
1947-08-09,61,0
1947-08-16,54,0
1947-08-23,39,0
1947-08-30,34,0
1947-09-06,44,0
1947-09-13,54,0
1947-09-20,57,0
1947-09-27,83,0
1947-10-04,85,0
1947-10-11,84,0
1947-10-18,116,0
1947-10-25,132,0
1947-11-01,104,0
1947-11-08,116,0
1947-11-15,124,1
1947-11-22,132,0
1947-11-29,123,0
1947-12-06,132,0
1947-12-13,131,0
1947-12-20,159,0
1947-12-27,104,0
1948-01-03,104,
1948-01-10,109,0
1948-01-17,127,0
1948-01-24,105,0
1948-01-31,110,0
1948-02-07,150,0
1948-02-14,118,0
1948-02-21,81,1
1948-02-28,136,1
1948-03-06,123,0
1948-03-13,118,0
1948-03-20,97,0
1948-03-27,108,0
1948-04-03,79,0
1948-04-10,76,0
1948-04-17,113,0
1948-04-24,104,0
1948-05-01,93,0
1948-05-08,134,0
1948-05-15,105,0
1948-05-22,98,0
1948-05-29,107,0
1948-06-05,125,0
1948-06-12,107,0
1948-06-19,103,0
1948-06-26,87,0
1948-07-03,89,0
1948-07-10,114,0
1948-07-17,93,0
1948-07-24,83,0
1948-07-31,49,0
1948-08-07,33,0
1948-08-14,38,0
1948-08-21,42,0
1948-08-28,34,0
1948-09-04,61,0
1948-09-11,62,0
1948-09-18,70,0
1948-09-25,79,0
1948-10-02,75,0
1948-10-09,103,0
1948-10-16,86,0
1948-10-23,82,0
1948-10-30,91,0
1948-11-06,97,0
1948-11-13,117,0
1948-11-20,91,1
1948-11-27,71,0
1948-12-04,85,0
1948-12-11,64,0
1948-12-18,42,0
1948-12-25,54,0
1949-01-01,,0
1949-01-08,53,0
1949-01-15,67,0
1949-01-22,77,0
1949-01-29,67,0
1949-02-05,83,0
1949-02-12,104,0
1949-02-19,77,0
1949-02-26,67,0
1949-03-05,54,0
1949-03-12,69,0
1949-03-19,63,0
1949-03-26,105,0
1949-04-02,87,0
1949-04-09,65,0
1949-04-16,65,0
1949-04-23,65,0
1949-04-30,66,0
1949-05-07,63,0
1949-05-14,70,0
1949-05-21,70,0
1949-05-28,80,0
1949-06-04,90,0
1949-06-11,82,0
1949-06-18,73,0
1949-06-25,76,0
1949-07-02,96,0
1949-07-09,66,0
1949-07-16,66,0
1949-07-23,91,0
1949-07-30,91,0
1949-08-06,45,0
1949-08-13,39,0
1949-08-20,47,0
1949-08-27,53,0
1949-09-03,71,0
1949-09-10,66,0
1949-09-17,75,0
1949-09-24,78,0
1949-10-01,112,0
1949-10-08,114,0
1949-10-15,155,0
1949-10-22,168,0
1949-10-29,169,0
1949-11-05,161,0
1949-11-12,190,0
1949-11-19,186,0
1949-11-26,224,0
1949-12-03,183,0
1949-12-10,214,0
1949-12-17,190,0
1949-12-24,142,0
1949-12-31,159,0
1950-01-07,122,1
1950-01-14,92,0
1950-01-21,117,0
1950-01-28,92,1
1950-02-04,107,0
1950-02-11,113,0
1950-02-18,134,0
1950-02-25,114,0
1950-03-04,100,1
1950-03-11,123,0
1950-03-18,109,0
1950-03-25,112,0
1950-04-01,116,0
1950-04-08,103,0
1950-04-15,100,0
1950-04-22,100,0
1950-04-29,77,0
1950-05-06,88,0
1950-05-13,98,0
1950-05-20,81,0
1950-05-27,104,0
1950-06-03,88,0
1950-06-10,62,0
1950-06-17,72,0
1950-06-24,58,0
1950-07-01,63,0
1950-07-08,47,0
1950-07-15,63,0
1950-07-22,67,0
1950-07-29,73,0
1950-08-05,47,0
1950-08-12,27,0
1950-08-19,26,0
1950-08-26,50,0
1950-09-02,42,0
1950-09-09,58,0
1950-09-16,49,0
1950-09-23,52,0
1950-09-30,47,0
1950-10-07,90,0
1950-10-14,81,0
1950-10-21,81,0
1950-10-28,98,0
1950-11-04,82,0
1950-11-11,99,0
1950-11-18,99,0
1950-11-25,101,0
1950-12-02,93,0
1950-12-09,91,0
1950-12-16,101,0
1950-12-23,87,0
1950-12-30,62,0
1951-01-06,59,0
1951-01-13,70,0
1951-01-20,51,1
1951-01-27,44,0
1951-02-03,65,0
1951-02-10,63,0
1951-02-17,68,0
1951-02-24,43,0
1951-03-03,53,0
1951-03-10,53,0
1951-03-17,54,0
1951-03-24,66,0
1951-03-31,61,0
1951-04-07,48,0
1951-04-14,52,0
1951-04-21,69,0
1951-04-28,87,0
1951-05-05,73,0
1951-05-12,66,0
1951-05-19,73,0
1951-05-26,66,0
1951-06-02,91,0
1951-06-09,102,0
1951-06-16,60,0
1951-06-23,60,0
1951-06-30,72,0
1951-07-07,82,0
1951-07-14,87,0
1951-07-21,80,0
1951-07-28,76,0
1951-08-04,49,0
1951-08-11,33,0
1951-08-18,47,0
1951-08-25,29,0
1951-09-01,29,0
1951-09-08,28,0
1951-09-15,43,1
1951-09-22,51,0
1951-09-29,73,0
1951-10-06,66,0
1951-10-13,98,0
1951-10-20,84,0
1951-10-27,97,0
1951-11-03,117,0
1951-11-10,122,0
1951-11-17,139,0
1951-11-24,120,0
1951-12-01,150,0
1951-12-08,129,0
1951-12-15,131,0
1951-12-22,112,0
1951-12-29,72,0
1952-01-05,84,0
1952-01-12,68,0
1952-01-19,76,0
1952-01-26,89,0
1952-02-02,109,0
1952-02-09,114,0
1952-02-16,142,0
1952-02-23,141,0
1952-03-01,153,0
1952-03-08,149,0
1952-03-15,118,0
1952-03-22,100,0
1952-03-29,110,0
1952-04-05,93,0
1952-04-12,93,0
1952-04-19,73,0
1952-04-26,54,0
1952-05-03,53,0
1952-05-10,74,0
1952-05-17,65,1
1952-05-24,70,0
1952-05-31,69,0
1952-06-07,72,0
1952-06-14,72,0
1952-06-21,99,0
1952-06-28,102,0
1952-07-05,92,0
1952-07-12,93,0
1952-07-19,84,0
1952-07-26,113,0
1952-08-02,85,0
1952-08-09,72,0
1952-08-16,55,0
1952-08-23,43,0
1952-08-30,49,0
1952-09-06,44,0
1952-09-13,71,0
1952-09-20,60,0
1952-09-27,129,0
1952-10-04,118,0
1952-10-11,160,0
1952-10-18,171,0
1952-10-25,200,0
1952-11-01,120,0
1952-11-08,166,0
1952-11-15,180,0
1952-11-22,188,0
1952-11-29,169,0
1952-12-06,171,0
1952-12-13,131,0
1952-12-20,110,0
1952-12-27,72,1
1953-01-03,102,0
1953-01-10,70,0
1953-01-17,65,0
1953-01-24,103,0
1953-01-31,85,0
1953-02-07,58,0
1953-02-14,61,0
1953-02-21,83,0
1953-02-28,88,0
1953-03-07,83,0
1953-03-14,89,0
1953-03-21,94,0
1953-03-28,111,0
1953-04-04,96,0
1953-04-11,69,0
1953-04-18,67,0
1953-04-25,63,0
1953-05-02,69,0
1953-05-09,89,0
1953-05-16,68,0
1953-05-23,88,0
1953-05-30,72,0
1953-06-06,37,0
1953-06-13,64,0
1953-06-20,92,0
1953-06-27,87,0
1953-07-04,55,0
1953-07-11,66,0
1953-07-18,64,0
1953-07-25,58,0
1953-08-01,55,0
1953-08-08,40,0
1953-08-15,25,0
1953-08-22,27,0
1953-08-29,23,0
1953-09-05,26,0
1953-09-12,28,0
1953-09-19,29,0
1953-09-26,42,0
1953-10-03,61,0
1953-10-10,58,0
1953-10-17,55,0
1953-10-24,81,0
1953-10-31,87,0
1953-11-07,58,0
1953-11-14,96,0
1953-11-21,85,0
1953-11-28,75,1
1953-12-05,77,0
1953-12-12,76,0
1953-12-19,61,0
1953-12-26,50,0
1954-01-02,70,0
1954-01-09,47,0
1954-01-16,36,0
1954-01-23,51,0
1954-01-30,57,0
1954-02-06,41,0
1954-02-13,44,0
1954-02-20,54,0
1954-02-27,53,0
1954-03-06,51,0
1954-03-13,70,0
1954-03-20,41,0
1954-03-27,94,0
1954-04-03,76,0
1954-04-10,76,0
1954-04-17,60,0
1954-04-24,58,0
1954-05-01,40,0
1954-05-08,32,0
1954-05-15,54,0
1954-05-22,42,0
1954-05-29,60,0
1954-06-05,52,0
1954-06-12,45,0
1954-06-19,42,0
1954-06-26,48,0
1954-07-03,58,0
1954-07-10,56,0
1954-07-17,57,0
1954-07-24,45,0
1954-07-31,48,0
1954-08-07,34,0
1954-08-14,24,0
1954-08-21,27,0
1954-08-28,24,0
1954-09-04,23,0
1954-09-11,21,0
1954-09-18,20,0
1954-09-25,35,0
1954-10-02,35,0
1954-10-09,56,0
1954-10-16,55,0
1954-10-23,48,0
1954-10-30,49,0
1954-11-06,27,0
1954-11-13,39,0
1954-11-20,65,0
1954-11-27,52,0
1954-12-04,69,0
1954-12-11,39,0
1954-12-18,62,0
1954-12-25,52,0
